{
  "camera": {
    "type": "perspective",
    "focal_length": 3,
    "eye": [-5,0,10],
    "up": [0,1,0],
    "look": [0.45,0,-1],
    "height": 1,
    "width": 1.7777777778
  },
  "materials": [
    {
      "name": "plastic gray",
      "ka": [0.2, 0.2, 0.2],
      "kd": [0.8, 0.8, 0.8],
      "ks": [0.1,0.1,0.1],
      "km": [0.1,0.1,0.1],
      "phong_exponent": 1000
    },
    {
      "name": "blue metal",
      "ka": [0.215686,0.494118,0.721569],
      "kd": [0.215686,0.494118,0.721569],
      "ks": [0.215686,0.494118,0.721569],
      "km": [0.215686,0.494118,0.721569],
      "phong_exponent": 2000
    },
    {
      "name": "gold metal",
      "ka": [1, 0.7, 0.2],
      "kd": [1, 0.7, 0.2],
      "ks": [1, 0.7, 0.2],
      "km": [1, 0.7, 0.2],
      "phong_exponent": 2000
    }
  ],
  "lights":[
    {
      "type": "point",
      "color": [0.3,0.3,0.3],
      "position": [0,0.9,2]
    },
    {
      "type": "point",
      "position": [-10,20,10],
      "color": [0.8,0.8,0.8]
    }
  ],
  "objects": [
    {
      "type": "sphere",
      "material": "gold metal",
      "center": [-0.6,-0.1,-3],
      "radius": 0.9
    },
    {
      "type": "sphere",
      "material": "gold metal",
      "center": [1.0,-0.2,-4],
      "radius": 0.8
    },
    {
      "type": "sphere",
      "material": "gold metal",
      "center": [2.6,-0.3,-5],
      "radius": 0.7
    },
    {
      "type": "sphere",
      "material": "gold metal",
      "center": [4.2,-0.4,-6],
      "radius": 0.6
    },
    {
      "type": "sphere",
      "material": "gold metal",
      "center": [5.8,-0.5,-7],
      "radius": 0.5
    },
    {
      "type": "sphere",
      "material": "gold metal",
      "center": [7.4,-0.6,-8],
      "radius": 0.4
    },
    {
      "type": "sphere",
      "material": "gold metal",
      "center": [8.8,-0.7,-8.8],
      "radius": 0.3
    },

    {
      "type": "plane",
      "material": "plastic gray",
      "point": [0,-1,0],
      "normal": [0,1,0]
    }
  ]
}
